iteration,train_loss,test_loss
1,0.00768769553801253,0.007736916337300879
2,0.00672031652475159,0.006758529251474723
3,0.0059295302131298685,0.005959724396598141
4,0.005278445253099435,0.005307589471960453
5,0.004735709193817852,0.004760743884856593
6,0.004235619916541183,0.004262285187212931
7,0.003838072460921235,0.0038619675028011796
8,0.0034849668158166217,0.00351515320334541
9,0.00313530797497075,0.0031638930397868276
10,0.0028707245911097604,0.002897858283766377
11,0.002588365968090636,0.0026171050315594523
12,0.0023557689886640793,0.002385428340257436
13,0.002175941429863577,0.002205814677645496
14,0.0019978683357524886,0.0020292230799192515
15,0.0018440071909079732,0.001875045785286649
16,0.0017207108810323162,0.0017504087309754225
17,0.001610607459949923,0.0016402717471166505
18,0.0014972730500221647,0.0015241535911266217
19,0.0014025787168882391,0.0014282186354626157
20,0.0013147520616843932,0.0013415646124722881
21,0.0012321088156798889,0.0012574575823219305
22,0.001160172351494003,0.0011848441151886557
23,0.0010986510383716988,0.0011212895979106207
24,0.0010357264023531684,0.001059658063630785
25,0.0009822167780896656,0.0010049972877399513
26,0.0009333778251736798,0.0009567308931693651
27,0.0008899792345151843,0.0009123337745253859
28,0.0008462550455578576,0.000868595879934883
29,0.0008088575352518214,0.0008292384616719348
30,0.000770386268290434,0.0007914987838107331
31,0.0007369713398940376,0.0007572981518545837
32,0.000700906583170379,0.0007200017754930637
33,0.0006730081647315309,0.0006911373110651684
34,0.0006410748944382341,0.0006583866530488957
35,0.0006113021354658217,0.0006286995876426803
36,0.0005858502554663394,0.0006019334305424631
37,0.0005586292317457387,0.0005751345599188105
38,0.0005389125748375223,0.0005549662402841198
39,0.0005173548142789299,0.0005332790252107182
40,0.0005008133690323766,0.0005162126408175614
41,0.0004820410558145919,0.0004976252201227114
42,0.00046478834788728175,0.0004797767057194256
43,0.0004497674797991852,0.00046389097026001925
44,0.00043252164970113827,0.0004472234056083061
45,0.00041891231554305584,0.00043293053856664564
46,0.0004054444971082855,0.0004180539459296968
47,0.00039127925569917783,0.0004042020146761498
48,0.0003796461179535457,0.00039175801973171054
49,0.00036695602251659535,0.000379470859301014
50,0.0003561308164163114,0.0003680459045194552
51,0.00034388130903297655,0.00035576437632359057
52,0.00033349327638345543,0.0003454843994993525
53,0.0003227562096662775,0.00033463381522041226
54,0.00031385283163410006,0.0003251006062776853
55,0.00030586231388801845,0.0003163957741360308
56,0.00029636786615071866,0.00030689944676864147
57,0.0002893591621408187,0.0002995853648851146
58,0.0002804523895835763,0.00029091985247838747
59,0.00027375049759930737,0.00028386903069143997
60,0.00026594253745070555,0.00027619196455011617
61,0.00025894846322089193,0.00026877921256069975
62,0.0002516101696956039,0.0002613396845718945
63,0.000245719491221304,0.00025557392464951113
64,0.00024010640382121843,0.0002494666153576927
65,0.000235023155129359,0.00024401700159896493
66,0.0002299320958133303,0.0002386330704088552
67,0.0002254520704123727,0.0002340030721275665
68,0.00022147498888808344,0.00022986788131455242
69,0.00021643097548280644,0.0002247033952869762
70,0.00021116202308817266,0.00021922345840721862
71,0.0002074254866156801,0.0002151405791325887
72,0.00020357049788016676,0.00021142141708387926
73,0.000199901908543104,0.00020744259093938533
74,0.00019499059837212987,0.00020247268271651297
75,0.00019213128875326724,0.00019951277433760694
76,0.00018789552178761175,0.0001952509261919643
77,0.00018492137449127444,0.00019231354499913163
78,0.0001820175513105688,0.00018909800824635438
79,0.00017900210973045854,0.00018607219755788256
80,0.0001764945133242926,0.0001836563902208743
81,0.00017373438866887287,0.00018074259794494235
82,0.00016950666836416188,0.00017651531659518664
83,0.00016726108666561938,0.00017403235937618128
84,0.000164543709918669,0.00017119129690637352
85,0.0001621602965544432,0.00016870825962420223
86,0.00015934355223709071,0.0001656590749372935
87,0.0001572522514666113,0.0001634582151394478
88,0.00015439179183863468,0.0001605415667511275
89,0.00015230340186202354,0.00015844175205589125
90,0.00015065661050881653,0.00015663944515379282
91,0.00014888159533983652,0.0001547497914531606
92,0.00014630658181900407,0.00015221856271230885
93,0.00014416773612001963,0.00015008074358693825
94,0.00014233324853960575,0.00014817658853761393
95,0.00014057040120948533,0.0001463262040031954
96,0.0001389710220217727,0.00014469349642930244
97,0.00013664796680052077,0.00014225334342114293
98,0.00013536749635269523,0.00014082860362950778
99,0.0001325839712281164,0.000137818088854094
100,0.00013075445754540574,0.0001359430193286833
101,0.00012950549578995252,0.00013471288615269375
102,0.00012835826040352117,0.00013351198848499232
103,0.00012667392339511005,0.0001317252835364496
104,0.00012509572102135434,0.00013017177886143013
105,0.00012419732207935713,0.00012931843706223803
106,0.000122912686121837,0.00012800044224932746
107,0.0001218516532160858,0.00012685536082130994
108,0.00012100182760648543,0.0001259679836682529
109,0.00012006249553694197,0.00012495463283044133
110,0.00011925100175557862,0.00012420033464238133
111,0.00011829093687739537,0.0001232186633315992
112,0.0001167914714565874,0.00012160515296432018
113,0.00011570820810636554,0.00012052172080937042
114,0.00011423541318993107,0.0001188469864372816
115,0.000112946206017237,0.00011754533804717298
116,0.00011164337154307394,0.00011615002324834288
117,0.00011080792361734478,0.00011522518940723727
118,0.00010952277084082817,0.00011392350635657462
119,0.00010883097387230435,0.0001131952826966266
120,0.00010817313532621731,0.00011251287685821074
121,0.00010759369890424947,0.0001119338829964115
122,0.00010693252363127876,0.00011123791775150198
123,0.00010615063035924721,0.00011039033254679534
124,0.0001041012214696644,0.00010819771574461141
125,0.00010291903916211493,0.00010701460518100832
126,0.00010243470661586477,0.00010655068232846569
127,0.00010194274640061678,0.00010603926612026765
128,0.00010123240197749955,0.00010529863489176266
129,0.00010058196281586007,0.00010462314290042678
130,9.973082943133032e-05,0.00010376649861976033
131,9.868582762305312e-05,0.00010263156110750169
132,9.818822594789436e-05,0.00010216457923291817
133,9.749912834620257e-05,0.00010145011053445587
134,9.652142724465432e-05,0.00010044314735069542
135,9.601933570903895e-05,9.990874910950202e-05
136,9.499007093562793e-05,9.884205929642985e-05
137,9.404390664148863e-05,9.780533598810849e-05
138,9.315690738693955e-05,9.694184216540582e-05
139,9.275043409300479e-05,9.646277715611767e-05
140,9.122831200846159e-05,9.479923464818268e-05
141,9.068714244137003e-05,9.425312770138838e-05
142,9.029262253161214e-05,9.386677498243903e-05
143,8.95356702485309e-05,9.304131237150549e-05
144,8.89771643733488e-05,9.243070408301534e-05
145,8.82040206484337e-05,9.163147666262062e-05
146,8.765399271977822e-05,9.109351714746445e-05
147,8.686516134298571e-05,9.023858467182326e-05
148,8.65751254878582e-05,8.99010519244924e-05
149,8.631568923701124e-05,8.964056978441368e-05
150,8.600901809774887e-05,8.928398770884487e-05
151,8.566649390345414e-05,8.895363076283254e-05
152,8.471731488423235e-05,8.799423672897907e-05
153,8.415148088189717e-05,8.742497257927362e-05
154,8.351803415085068e-05,8.67988353506211e-05
155,8.310574714906615e-05,8.632944418359192e-05
156,8.284339761771224e-05,8.609276755248927e-05
157,8.239206314197255e-05,8.560478016364829e-05
158,8.211863699415149e-05,8.533727385166301e-05
159,8.192593239997297e-05,8.509621971814747e-05
160,8.144524848606014e-05,8.461848182196679e-05
161,8.081313736957649e-05,8.394438232573591e-05
162,8.031331266328155e-05,8.345309460924046e-05
163,7.978989165201914e-05,8.29037466752095e-05
164,7.929603966919941e-05,8.239944805763704e-05
165,7.908838163595533e-05,8.220295798624473e-05
166,7.881726765062424e-05,8.192134767206178e-05
167,7.853741408452764e-05,8.162835437843816e-05
168,7.838254773952054e-05,8.148237333877681e-05
169,7.795635340843152e-05,8.107065930276646e-05
170,7.778586079573278e-05,8.090026102328792e-05
171,7.761137698069346e-05,8.069201984235854e-05
172,7.733164878295535e-05,8.03855265761469e-05
173,7.713051896248818e-05,8.015460388981963e-05
174,7.697470349270646e-05,7.997910402238745e-05
175,7.590488058968979e-05,7.888445221419189e-05
176,7.488689705026706e-05,7.778596489011835e-05
177,7.431213000296639e-05,7.715293929330482e-05
178,7.383297927911804e-05,7.665582033187183e-05
179,7.301883708609957e-05,7.583271749149599e-05
180,7.198794837257036e-05,7.4780622270628e-05
181,7.163043823838481e-05,7.44425208043376e-05
182,7.12375144595774e-05,7.406472194904569e-05
183,7.092526703237611e-05,7.374957793769637e-05
184,7.058780627344886e-05,7.339995613129883e-05
185,7.028154715467403e-05,7.307527658832715e-05
186,7.003976130513025e-05,7.280264513946947e-05
187,6.984101266749283e-05,7.260382962001418e-05
188,6.959551603328121e-05,7.234415559604357e-05
189,6.948891724111146e-05,7.223603170557064e-05
190,6.935456568256961e-05,7.208504730312019e-05
191,6.918900641353842e-05,7.18960452051195e-05
192,6.898508492942388e-05,7.166754435213672e-05
193,6.883655084306405e-05,7.150832543696685e-05
194,6.873581938874575e-05,7.140540809637333e-05
195,6.863250667803223e-05,7.129418745267202e-05
196,6.844668660870915e-05,7.11001152213058e-05
197,6.836158035593348e-05,7.101992858773895e-05
198,6.791636793333458e-05,7.054246277522727e-05
199,6.778048321211522e-05,7.039823015675021e-05
200,6.761928853077778e-05,7.021700995998322e-05
